["{\"obs_datetime\":\"2012-07-20T00:00:00Z\",\"primary_observer\":{\"firstname\":\"Unknown\",\"lastname\":\"Observer\"},\"additional_observers\":[],\"latitude\":\"12.1234\",\"longitude\":\"23.252\",\"hexcode\":\"eece0f60c7900c73c03b001a0c3208f5\",\"cruise_id\":\"DEVELOPMENT\",\"ship_name\":\"DEVELOPMENT\",\"ice_attributes\":{\"total_concentration\":4,\"open_water_lookup_code\":4,\"thin_ice_lookup_code\":40,\"thick_ice_lookup_code\":20},\"ice_observations_attributes\":[{\"obs_type\":\"primary\",\"partial_concentration\":2,\"ice_lookup_code\":20,\"thickness\":234,\"floe_size_lookup_code\":300,\"snow_lookup_code\":3,\"snow_thicness\":345,\"biota_lookup_code\":2,\"sediment_lookup_code\":3,\"melt_pond_attributes\":{\"surface_coverage\":4,\"max_depth_lookup_code\":1,\"pattern_lookup_code\":1,\"surface_lookup_code\":2,\"freeboard\":4245},\"topography_attributes\":{\"topography_lookup_code\":300,\"old\":false,\"consolidated\":false,\"snow_covered\":null,\"concentration\":3,\"ridge_height\":0.0}},{\"obs_type\":\"secondary\",\"partial_concentration\":2,\"ice_lookup_code\":30,\"thickness\":4563,\"floe_size_lookup_code\":400,\"snow_lookup_code\":3,\"snow_thicness\":45,\"biota_lookup_code\":0,\"sediment_lookup_code\":4,\"melt_pond_attributes\":{\"surface_coverage\":3,\"max_depth_lookup_code\":1,\"pattern_lookup_code\":1,\"surface_lookup_code\":2,\"freeboard\":3452},\"topography_attributes\":{\"topography_lookup_code\":500,\"old\":false,\"consolidated\":false,\"snow_covered\":null,\"concentration\":3,\"ridge_height\":24.0}},{\"obs_type\":\"tertiary\",\"partial_concentration\":2,\"ice_lookup_code\":50,\"thickness\":3453,\"floe_size_lookup_code\":300,\"snow_lookup_code\":2,\"snow_thicness\":2450,\"biota_lookup_code\":2,\"sediment_lookup_code\":2,\"melt_pond_attributes\":{\"surface_coverage\":4,\"max_depth_lookup_code\":1,\"pattern_lookup_code\":1,\"surface_lookup_code\":2,\"freeboard\":345},\"topography_attributes\":{\"topography_lookup_code\":500,\"old\":true,\"consolidated\":true,\"snow_covered\":null,\"concentration\":0,\"ridge_height\":345.0}}],\"meteorology_attributes\":{\"visibility_lookup_code\":92,\"weather_lookup_code\":1,\"clouds_attributes\":[{\"cover\":1.0,\"height\":235,\"cloud_lookup_code\":\"Cc\",\"cloud_type\":\"high\"},{\"cover\":2.0,\"height\":234,\"cloud_lookup_code\":\"As\",\"cloud_type\":\"medium\"},{\"cover\":3.0,\"height\":234,\"cloud_lookup_code\":\"SC\",\"cloud_type\":\"low\"}]},\"photos_attributes\":[],\"comments_attributes\":[]}"]